Name,Email,Company,Subject,Message,Date
hemant,hk6104651@gmail.com,hululu,,,
editing,i want a edit video," ""8/2/2026"," 11:41:17 am""",,
hemant,hks6399000@gmail.com,EEF,,,
editing,ewherhteh," ""8/2/2026"," 11:48:04 am""",,
Hemant Kumar Singh,iamhemant639@gmail.com,hululu,editing,"dfsghdajgkthsfdgasdfshm,jkhdfsa,hj.dfsa","8/2/2026, 11:53:17 am"
hemant,iamhemant639@gmail.com,EEF,DSD,lkjhgfdsa,"8/2/2026, 11:53:59 am"
Rajeev six,rajeevkumar9801456p@gmail.com,Comfort PG,Website Design using MERN,I want a website design using mern within 10 days.,"8/2/2026, 12:00:14 pm"
"Amit","amitrajr176@gmail.com","MUIT Noida","Website Design using MERN","i want to create a website","8/2/2026, 12:04:48 pm"
"Abhishek Srivastava ","srivastavabhi1101@gmail.com","Behanchod","Hemant bhaiya hatras wale ","Up 45 se dekh le na ","8/2/2026, 12:59:55 pm"
"Rajeev kumar Kumar","rajeevkumar9801456p@gmail.com","RAjeev kumar","jbku",",nim,m","8/2/2026, 5:16:08 pm"
"Hemant Kumar singh","hks639900@gmail.com","Hakakh","Hajs","Hshsg","8/2/2026, 5:16:35 pm"
"Hemant Kumar singh","hks639900@gmail.com","Hakakh","Hajs","Hzhsdh","8/2/2026, 5:18:21 pm"
"Hemant Kumar singh","hks639900@gmail.com","Hakakh","Hajs","Hhshs","8/2/2026, 5:23:02 pm"
"Rajeev kumar Kumar","rajeevkumar9801456p@gmail.com","RAjeev kumar","jbku","swda","8/2/2026, 5:23:33 pm"
"Rohangsusy","hks639900@gmail.com","Hakakh","Sbhsh","Hshhshsjjshsjsjjdud Ksgeisbzuudg","8/2/2026, 5:23:46 pm"
"Randwa","badassabji@gmail.com","Randwa","Maa ki chuu","Fuck you","8/2/2026, 10:36:47 pm"
"zxcasc","hks6399000@gmail.com","545","Motion Graphics","SVazcx ","9/2/2026, 12:13:50 am"
"hemant","hks639900@gmail.com","EEF","SEO","aSvcx","9/2/2026, 11:14:42 am"
"hemant","hks639900@gmail.com","EEF","Brand Strategy","sssss","10/2/2026, 10:35:50 am"
"chinnu","chinnupamidi8@gmail.com","Comfort PG","Custom Website (MERN)","I want to create a mern stack website with in 10 days.","10/2/2026, 10:54:21 am"
"chinnu","chinnupamidi8@gmail.com","Comfort PG","SEO","s","10/2/2026, 10:57:34 am"
"hemant","chinnupamidi8@gmail.com","EEF","Custom Website (MERN)","s","10/2/2026, 10:58:35 am"
"chinnu","chinnupamidi8@gmail.com","Comfort PG","Custom Website (MERN)","dwsdxz","10/2/2026, 10:59:17 am"
"hemant","chinnupamidi8@gmail.com","Comfort PG","SEO","sxz","10/2/2026, 11:00:26 am"
"Hemant Kumar Singh","hks639900@gmail.com","Comfort PG","Video Editing","sdfghjhgfdsa","10/2/2026, 11:20:41 pm"
"Hemant Kumar Singh","hks639900@gmail.com","Comfort PG","Google / Meta Ads","hello team","10/2/2026, 11:24:24 pm"
"Hemant Kumar Singh","hks639900@gmail.com","Comfort PG","Graphic Designing","hello  team","10/2/2026, 11:25:08 pm"
"Hemant Kumar Singh","hks639900@gmail.com","Comfort PG","Motion Graphics","asdfghjklasdfghjkasdfghj","10/2/2026, 11:27:15 pm"
"Hemant Kumar Singh","hks639900@gmail.com","Comfort PG","SEO","asdfghjkasdfghj","11/2/2026, 12:02:00 am"
"Hemant Kumar Singh","hks639900@gmail.com","Comfort PG","WordPress Website","aDSFDSADFDSASDFHJ","11/2/2026, 6:24:00 pm"
"Hemant Kumar Singh","hks639900@gmail.com","EEF","Graphic Designing","dfghjhgfdsdfghj","12/2/2026, 3:30:12 pm"
"Hemant Kumar Singh","hks639900@gmail.com","EEF","Motion Graphics","Zxfcgvhbjknmhlkndfsa","12/2/2026, 3:51:38 pm"
"Hemant Kumar Singh","hks639900@gmail.com","EEF","Motion Graphics","Zxfcgvhbjknmhlkndfsa","12/2/2026, 3:51:51 pm"
"Hemant Kumar Singh","chinnupamidi8@gmail.com","EEF","WordPress Website","QEWEFGRTYJUKILKJHGFDS","12/2/2026, 3:59:55 pm"
"Hemant Kumar Singh","hks639900@gmail.com","Comfort PG","Custom Website (MERN)","asdfghjkl;kjhgfdsa","12/2/2026, 4:01:49 pm"
"rohan","hk6104651@gmail.com","EEF","Video Editing","swdefgrthyjkuil;o","12/2/2026, 4:02:16 pm"
"Hemant Kumar Singh","chinnupamidi8@gmail.com","EEF","WordPress Website","dfghjkhgdyfhdxy","12/2/2026, 7:05:41 pm"
"hemant","hks639900@gmail.com","EEF","Custom Website (MERN)","dtghfcvbnmbgvymdtmyfhg","12/2/2026, 7:06:34 pm"
"Hemant Kumar Singh","hks639900@gmail.com","Comfort PG","WordPress Website","iuyjkjhghjkjh","12/2/2026, 7:20:51 pm"
"Hemant Kumar Singh","hks639900@gmail.com","Comfort PG","Custom Website (MERN)","sdfgkjljhdfsa","new","11/5/2026, 2:34:49 pm"
"Hemant Kumar Singh","hk6104651@gmail.com","Comfort PG","Custom Website (MERN)","asdfghjkjhgfdsa","new","11/5/2026, 3:08:13 pm"
"Hemant Kumar Singh","iamhemant639@gmail.com","EEF","Digital Marketing","lkjhgfdsalkiuytre","new","11/5/2026, 3:10:31 pm"
"hemant","iamhemant639@gmail.com","EEF","WordPress Website","asdfghjhngfdsa","new","11/5/2026, 5:47:06 pm"
"Hemant Kumar Singh","hk6104651@gmail.com","EEF","Custom Website (MERN)","asdfghjklkjhgfdsadfgh","new","11/5/2026, 6:16:51 pm"
"rohit","hk6104651@gmail.com","halonix","Video Editing","I want to create a some video edatig","new","23/5/2026, 12:06:46 pm"
"rohan","iamhemant639@gmail.com","EEF","WordPress Website","zasdfghjkhjgfdsfghjkj","new","23/5/2026, 12:08:15 pm"
"chinnu","chinnupamidi8@gmail.com","hululu","SEO","sadfghjmk,l./l.,jmnhbgfvdcsxsdcfghjkl","new","23/5/2026, 12:08:18 pm"
"hemant","hks639900@gmail.com","EEF","SEO","asdfghjkljtrewaesdfkjl;hgfdsfkjl;lkjhgfdsaASDFGHJKL;'KLJHGFDSADFGHJKL;KJHGBFDSAsdfghyjuipo;olkjghfdsaSDFGHJKL;LKJHGFDSAsdfghjkl;kjhgfdsaASDFGHJKL;","new","23/5/2026, 12:29:17 pm"
"hemant","chinnupamidi8@gmail.com","Comfort PG","WordPress Website","ASDFGHJKL;';LKJHGFDSA","new","23/5/2026, 12:29:37 pm"
"rohan","hk6104651@gmail.com","hululu","Google / Meta Ads","Asdfhjkl;khjgdfsasdfkjl;'","new","23/5/2026, 12:30:02 pm"
"Hemant Kumar Singh","hks639900@gmail.com","Comfort PG","SEO","Technology has become an essential part of modern life. It helps people communicate, learn, work, and solve problems more efficiently. From smartphones and computers to artificial intelligence and cloud computing, technology continues to change the way humans live and interact. Students use the internet to access online classes, research information, and improve their skills. Businesses use digital tools to manage operations, connect with customers, and increase productivity. In healthcare, advanced machines and software help doctors diagnose diseases and provide better treatment to patients.  Technology also plays an important role in entertainment and social connection. People can watch movies, play games, and communicate with friends and family around the world instantly. Social media platforms allow users to share ideas, creativity, and knowledge with a global audience.","new","23/5/2026, 12:47:47 pm"
"Hemant Kumar Singh","iamhemant639@gmail.com","Comfort PG","Custom Website (MERN)","asdfghjklkjhgfdsaASDFGHJKL;","New","23/5/2026, 1:27:10 pm"
"Hemant Kumar Singh","hks639900@gmail.com","Comfort PG","WordPress Website","asdfghjk;/KL/kj.df","New","24/5/2026, 1:39:11 pm"
"Hemant Kumar Singh","hks639900@gmail.com","Comfort PG","Custom Website (MERN)","aqsdwefgrthyjkl;'","New","24/5/2026, 1:39:30 pm"
"Hemant Kumar Singh","hks639900@gmail.com","EEF","WordPress Website","asdafkjl;asadfkjlgfds","New","24/5/2026, 1:42:14 pm"
"Hemant Kumar Singh","hks639900@gmail.com","Comfort PG","Custom Website (MERN)","zASdfkjl;'lkjhgfdsaewrstgfyuihojpk","New","24/5/2026, 3:04:58 pm"
"Hemant Kumar Singh","hk6104651@gmail.com","sdfghjkl","Custom Website (MERN)","tyuioupi;ulkydthgrfdetrsyfugkjl","New","24/5/2026, 3:05:15 pm"
"rohan","hks639900@gmail.com","ADSFKJL;GHFDS","Google / Meta Ads","DFKJLDFSAdfgkjl","New","24/5/2026, 3:05:40 pm"
"sdfghjkl","hks639900@gmail.com","EEF","Motion Graphics","rtyiuop[pscfdvf","New","24/5/2026, 3:05:55 pm"
"Hemant Kumar Singh","hks639900@gmail.com","EEF","SEO","sadfgkl' p;olkjhfsaddkjl","New","24/5/2026, 3:06:21 pm"
"Hemant Kumar Singh","hks639900@gmail.com","Comfort PG","Custom Website (MERN)","i want a website with admin panel using mern","New","26/5/2026, 10:19:28 am"
"chinnu","chinnupamidi8@gmail.com","oneplus","Video Editing","Need professional video editing? Share your project details, video length, editing style, references, subtitles, motion graphics, color grading, and delivery requirements.","New","8/6/2026, 5:06:54 pm"
